,paperName,paperPath,realSDG,predictSDG,valid
0,artificial_intelligence_a_study_on_governance_policies_and_regulations.txt,ref/Validation/SDG1/artificial_intelligence_a_study_on_governance_policies_and_regulations.txt,[1],[16],False
1,a_layered_model_for_ai_governance.txt,ref/Validation/SDG1/a_layered_model_for_ai_governance.txt,[1],[16],False
2,combining_satellite_imagery_and_machine_learning_to_predict_poverty.txt,ref/Validation/SDG1/combining_satellite_imagery_and_machine_learning_to_predict_poverty.txt,"[1, 7]","[12, 4]",False
3,deep_learning_applied_to_mobile_phone_data_for_individual_income_classification.txt,ref/Validation/SDG1/deep_learning_applied_to_mobile_phone_data_for_individual_income_classification.txt,[1],[4],False
4,determination_and_prediction_of_standardized_precipitation_index_(spi)_using_trmm_data_in_arid_ecosystems.txt,ref/Validation/SDG1/determination_and_prediction_of_standardized_precipitation_index_(spi)_using_trmm_data_in_arid_ecosystems.txt,"[1, 2]","[6, 2]",False
5,economic_growth_and_automation_risks_in.txt,ref/Validation/SDG1/economic_growth_and_automation_risks_in.txt,[1],[9],False
6,the_second_machine_age_work_progress_and_prosperity_in_a_time_of_brilliant_technologies.txt,ref/Validation/SDG1/the_second_machine_age_work_progress_and_prosperity_in_a_time_of_brilliant_technologies.txt,[1],[8],False
7,assessing_bank_performance_with_operational.txt,ref/Validation/SDG10/assessing_bank_performance_with_operational.txt,"[10, 9]","[8, 2]",False
8,big_data’s_disparate_impact.txt,ref/Validation/SDG10/big_data’s_disparate_impact.txt,[10],[16],False
9,detecting_price_manipulation_in_the_financial_market.txt,ref/Validation/SDG10/detecting_price_manipulation_in_the_financial_market.txt,[10],[2],False
10,digital_banking_manifesto_the_end_of_banks.txt,ref/Validation/SDG10/digital_banking_manifesto_the_end_of_banks.txt,[10],[8],False
11,globalization_artificial_intelligence_social_networks_and_political_polarization_new_challenges_for_community_psychologists.txt,ref/Validation/SDG10/globalization_artificial_intelligence_social_networks_and_political_polarization_new_challenges_for_community_psychologists.txt,[10],[8],False
12,measuring_discrimination_in_algorithmic_decision_making.txt,ref/Validation/SDG10/measuring_discrimination_in_algorithmic_decision_making.txt,[10],[5],False
13,preventing_discrimination_in_the_automated_targeting_of_job_advertisements.txt,ref/Validation/SDG10/preventing_discrimination_in_the_automated_targeting_of_job_advertisements.txt,[10],[5],False
14,should_we_fear_the_robot_revolution_(the_correct_answer_is_yes).txt,ref/Validation/SDG10/should_we_fear_the_robot_revolution_(the_correct_answer_is_yes).txt,[10],[8],False
15,simulating_norms_social_inequality_and_functional_change_in_artificial_societies.txt,ref/Validation/SDG10/simulating_norms_social_inequality_and_functional_change_in_artificial_societies.txt,[10],[2],False
16,social_area_analysis_data_mining_and_gis.txt,ref/Validation/SDG10/social_area_analysis_data_mining_and_gis.txt,[10],[11],False
17,the_forthcoming_artificial_intelligence_(ai)_revolution_its_impact_on_society_and_firms.txt,ref/Validation/SDG10/the_forthcoming_artificial_intelligence_(ai)_revolution_its_impact_on_society_and_firms.txt,"[10, 11, 9]","[8, 9, 16]",False
18,agent_based_systems_for_disaster_management.txt,ref/Validation/SDG11/agent_based_systems_for_disaster_management.txt,[11],[13],False
19,aidr_artificial_intelligence_for_disaster_response.txt,ref/Validation/SDG11/aidr_artificial_intelligence_for_disaster_response.txt,[11],[16],False
20,an_anfis_–_based_air_quality_model_for_prediction_of_so2_concentration_in_urban_area.txt,ref/Validation/SDG11/an_anfis_–_based_air_quality_model_for_prediction_of_so2_concentration_in_urban_area.txt,"[11, 3]","[11, 9]",False
21,an_automatic_traffic_surveillance_system_for_vehicle_tracking_and_classification.txt,ref/Validation/SDG11/an_automatic_traffic_surveillance_system_for_vehicle_tracking_and_classification.txt,"[11, 3]","[2, 16]",False
22,application_of_artificial_intelligence_f.txt,ref/Validation/SDG11/application_of_artificial_intelligence_f.txt,[11],[11],True
23,application_of_intelligent_transport_sys.txt,ref/Validation/SDG11/application_of_intelligent_transport_sys.txt,[11],[11],True
24,artificial_intelligence_and_expert_systems_in_ecol.txt,ref/Validation/SDG11/artificial_intelligence_and_expert_systems_in_ecol.txt,[11],[2],False
25,artificial_intelligence_for_management_and_control_of_pollution_minimization_and_mitigation_processes.txt,ref/Validation/SDG11/artificial_intelligence_for_management_and_control_of_pollution_minimization_and_mitigation_processes.txt,"[11, 3]","[13, 11]",False
26,artificial_societies_for_integrated_and_sustainable_development_of_metropolitan_systems.txt,ref/Validation/SDG11/artificial_societies_for_integrated_and_sustainable_development_of_metropolitan_systems.txt,[11],[14],False
27,automatic_license_plate_recognition_system_based_on_color_image_processing.txt,ref/Validation/SDG11/automatic_license_plate_recognition_system_based_on_color_image_processing.txt,[11],[16],False
28,a_fuzzy_logic_based_model_to_predict_biogas_and_methane_production_rates_in_a_pilot_scale_mesophilic_uasb_reactor_treating_molasses_wastewater.txt,ref/Validation/SDG11/a_fuzzy_logic_based_model_to_predict_biogas_and_methane_production_rates_in_a_pilot_scale_mesophilic_uasb_reactor_treating_molasses_wastewater.txt,"[11, 3]","[12, 6]",False
29,a_fuzzy_logic_model_for_biogas_generation_in_bioreactor_landfills.txt,ref/Validation/SDG11/a_fuzzy_logic_model_for_biogas_generation_in_bioreactor_landfills.txt,"[11, 3]","[12, 9]",False
30,a_nonlinear_artificial_intelligence_ensemble_prediction_model_for_typhoon_intensity.txt,ref/Validation/SDG11/a_nonlinear_artificial_intelligence_ensemble_prediction_model_for_typhoon_intensity.txt,[11],[9],False
31,a_review_of_computer_vision_techniques_for_the_analysis_of_urban_traffic.txt,ref/Validation/SDG11/a_review_of_computer_vision_techniques_for_the_analysis_of_urban_traffic.txt,"[11, 3]","[11, 2]",False
32,data_derived_soft_sensors_for_biological_wastewater_treatment_plants_an_overview.txt,ref/Validation/SDG11/data_derived_soft_sensors_for_biological_wastewater_treatment_plants_an_overview.txt,"[11, 3]","[6, 13]",False
33,household_power_optimisation_and_monitoring_system.txt,ref/Validation/SDG11/household_power_optimisation_and_monitoring_system.txt,"[11, 9]","[7, 9]",False
34,intelligent_cities_r_d_offshoring_web_2.txt,ref/Validation/SDG11/intelligent_cities_r_d_offshoring_web_2.txt,"[11, 9]","[11, 9]",True
35,intelligent_infrastructure_for_sustainable_potable_water_a_roundtable_for_emerging_transnational_research_and_technology_development_needs.txt,ref/Validation/SDG11/intelligent_infrastructure_for_sustainable_potable_water_a_roundtable_for_emerging_transnational_research_and_technology_development_needs.txt,"[11, 9]","[6, 12]",False
36,keeping_cars_from_crashing.txt,ref/Validation/SDG11/keeping_cars_from_crashing.txt,"[11, 3]","[9, 11]",False
37,machine_learning_paradigms_for_selecting_ecologically_significant_input_variables.txt,ref/Validation/SDG11/machine_learning_paradigms_for_selecting_ecologically_significant_input_variables.txt,[11],[6],False
38,maintenance_optimization_for_heterogeneous_infrastructure_systems_evolutionary_algorithms_for_bottom_up_methods.txt,ref/Validation/SDG11/maintenance_optimization_for_heterogeneous_infrastructure_systems_evolutionary_algorithms_for_bottom_up_methods.txt,"[11, 9]","[6, 9]",False
39,predicting_burned_areas_of_forest_fires_an_artificial_intelligence_approach.txt,ref/Validation/SDG11/predicting_burned_areas_of_forest_fires_an_artificial_intelligence_approach.txt,[11],[15],False
40,probabilistic_map_based_pedestrian_motion_prediction_taking_traffic_participants_into_consideration.txt,ref/Validation/SDG11/probabilistic_map_based_pedestrian_motion_prediction_taking_traffic_participants_into_consideration.txt,"[11, 3]","[13, 2]",False
41,recurrent_neural_networks_for_driver_activity_anticipation_via_sensory_fusion_architecture.txt,ref/Validation/SDG11/recurrent_neural_networks_for_driver_activity_anticipation_via_sensory_fusion_architecture.txt,"[11, 3]","[13, 16]",False
42,three_decades_of_driver_assistance_systems.txt,ref/Validation/SDG11/three_decades_of_driver_assistance_systems.txt,"[11, 3]","[11, 9]",False
43,towards_detection_of_bus_driver_fatigue_based_on_robust_visual_analysis_of_eye_state.txt,ref/Validation/SDG11/towards_detection_of_bus_driver_fatigue_based_on_robust_visual_analysis_of_eye_state.txt,"[11, 3]","[16, 9]",False
44,using_spatial_reinforcement_learning_to_build_fore.txt,ref/Validation/SDG11/using_spatial_reinforcement_learning_to_build_fore.txt,[11],[15],False
45,vector_of_hope_source_of_fear.txt,ref/Validation/SDG11/vector_of_hope_source_of_fear.txt,"[11, 9]","[16, 10]",False
46,what_big_data_tell_us_about_trees_and_the_sky_in_the_cities.txt,ref/Validation/SDG11/what_big_data_tell_us_about_trees_and_the_sky_in_the_cities.txt,[11],[11],True
47,artificial_intelligence_potential_benefits_and_ethical_considerations.txt,ref/Validation/SDG12/artificial_intelligence_potential_benefits_and_ethical_considerations.txt,[12],[16],False
48,a_systematic_review_and_taxonomy_of_explanations_in_decision_support_and_recommender_systems.txt,ref/Validation/SDG12/a_systematic_review_and_taxonomy_of_explanations_in_decision_support_and_recommender_systems.txt,[12],[2],False
49,concrete_problems_in_ai_safety.txt,ref/Validation/SDG12/concrete_problems_in_ai_safety.txt,[12],[4],False
50,dalica_agent_based_ambient_intelligence_for_cultural_heritage_scenarios.txt,ref/Validation/SDG12/dalica_agent_based_ambient_intelligence_for_cultural_heritage_scenarios.txt,[12],[6],False
51,opportunities_of_sustainable_manufacturing_in_indu.txt,ref/Validation/SDG12/opportunities_of_sustainable_manufacturing_in_indu.txt,[12],[9],False
52,public_scrutiny_of_automated_decisions_early_lessons_and_emerging_methods.txt,ref/Validation/SDG12/public_scrutiny_of_automated_decisions_early_lessons_and_emerging_methods.txt,[12],[16],False
53,the_promise_and_challenge_of_the_age_of_artificial_intelligence_in_brief_oct_2018.txt,ref/Validation/SDG12/the_promise_and_challenge_of_the_age_of_artificial_intelligence_in_brief_oct_2018.txt,"[12, 8]","[8, 4]",False
54,adaptive_and_intelligent_web_based_educational_systems.txt,ref/Validation/SDG13/adaptive_and_intelligent_web_based_educational_systems.txt,[13],[4],False
55,downscaling_of_precipitation_for_climate_change_scenarios_a_support_vector_machine_approach.txt,ref/Validation/SDG13/downscaling_of_precipitation_for_climate_change_scenarios_a_support_vector_machine_approach.txt,[13],[13],True
56,harnessing_artificial_intelligence_for_the_earth_report_2018.txt,ref/Validation/SDG13/harnessing_artificial_intelligence_for_the_earth_report_2018.txt,[13],[14],False
57,automatic_identification_of_oil_spills_on_satellite_images.txt,ref/Validation/SDG14/automatic_identification_of_oil_spills_on_satellite_images.txt,[14],[14],True
58,a_feature_learning_and_object_recognition_framework_for_underwater_fish_images.txt,ref/Validation/SDG14/a_feature_learning_and_object_recognition_framework_for_underwater_fish_images.txt,[14],[14],True
59,bayesian_belief_network_model_for_community_based_coastal_resource_management_in_the_kei_islands_indonesia.txt,ref/Validation/SDG14/bayesian_belief_network_model_for_community_based_coastal_resource_management_in_the_kei_islands_indonesia.txt,[14],[14],True
60,compromises_between_international_habitat_conservation_guidelines_and_small_scale_fisheries_in_pacific_island_countries.txt,ref/Validation/SDG14/compromises_between_international_habitat_conservation_guidelines_and_small_scale_fisheries_in_pacific_island_countries.txt,[14],[14],True
61,conflict_analysis_and_reallocation_opportunities_in_the_framework_of_marine_spatial_planning_a_novel_spatially_explicit_bayesian_belief_network_app.txt,ref/Validation/SDG14/conflict_analysis_and_reallocation_opportunities_in_the_framework_of_marine_spatial_planning_a_novel_spatially_explicit_bayesian_belief_network_app.txt,[14],[14],True
62,design_of_autonomous_underwater_vehicles_for_cage_aquafarms.txt,ref/Validation/SDG14/design_of_autonomous_underwater_vehicles_for_cage_aquafarms.txt,[14],[6],False
63,frontiers_in_ecol_environ_2009_klein_spatial_marine_zoning_for_fisheries_and_conservation.txt,ref/Validation/SDG14/frontiers_in_ecol_environ_2009_klein_spatial_marine_zoning_for_fisheries_and_conservation.txt,[14],[14],True
64,marine_litter_prediction_by_artificial_intelligence.txt,ref/Validation/SDG14/marine_litter_prediction_by_artificial_intelligence.txt,[14],[14],True
65,mobile_autonomous_process_sampling_withi.txt,ref/Validation/SDG14/mobile_autonomous_process_sampling_withi.txt,[14],[14],True
66,setting_the_stage_for_marine_spatial_planning_ecological_and_social_data_collation_and_analyses_in_canada’s_pacific_waters.txt,ref/Validation/SDG14/setting_the_stage_for_marine_spatial_planning_ecological_and_social_data_collation_and_analyses_in_canada’s_pacific_waters.txt,[14],[14],True
67,solving_conservation_planning_problems_with_integer_linear_programming.txt,ref/Validation/SDG14/solving_conservation_planning_problems_with_integer_linear_programming.txt,"[14, 6]","[15, 13]",False
68,systematic_conservation_planning_within_a_fijian_c.txt,ref/Validation/SDG14/systematic_conservation_planning_within_a_fijian_c.txt,[14],[14],True
69,the_bias_detective.txt,ref/Validation/SDG14/the_bias_detective.txt,"[14, 6]","[16, 8]",False
70,the_integrated_coral_observing_network_sensor_solutions_for_sensitive_sites.txt,ref/Validation/SDG14/the_integrated_coral_observing_network_sensor_solutions_for_sensitive_sites.txt,[14],[14],True
71,tracking_fish_abundance_by_underwater_image_recogn.txt,ref/Validation/SDG14/tracking_fish_abundance_by_underwater_image_recogn.txt,[14],[14],True
72,tracking_the_global_footprint_of_fisheries.txt,ref/Validation/SDG14/tracking_the_global_footprint_of_fisheries.txt,[14],[14],True
73,aerial_mapping_of_forests_affected_by_pathogens_using_uavs_hyperspectral_sensors_and_artificial_intelligence.txt,ref/Validation/SDG15/aerial_mapping_of_forests_affected_by_pathogens_using_uavs_hyperspectral_sensors_and_artificial_intelligence.txt,[15],[15],True
74,automatically_identifying_counting_and_describing_wild_animals_in_camera_trap_images_with_deep_learning.txt,ref/Validation/SDG15/automatically_identifying_counting_and_describing_wild_animals_in_camera_trap_images_with_deep_learning.txt,[15],[4],False
75,conservation_biology_2014_stephanson_putting_people_on_the_map_through_an_approach_that_integrates_social_data_in.txt,ref/Validation/SDG15/conservation_biology_2014_stephanson_putting_people_on_the_map_through_an_approach_that_integrates_social_data_in.txt,[15],[15],True
76,considering_people_in_systematic_conservation_planning_insights_from_land_system_science.txt,ref/Validation/SDG15/considering_people_in_systematic_conservation_planning_insights_from_land_system_science.txt,[15],[15],True
77,estimating_animal_acoustic_diversity_in_tropical_environments_using_unsupervised_multiresolution_analysis.txt,ref/Validation/SDG15/estimating_animal_acoustic_diversity_in_tropical_environments_using_unsupervised_multiresolution_analysis.txt,[15],[15],True
78,linking_biophysical_models_and_public_preferences_for_ecosystem_service_assessments_a_case_study_for_the_southern_rocky_mountains.txt,ref/Validation/SDG15/linking_biophysical_models_and_public_preferences_for_ecosystem_service_assessments_a_case_study_for_the_southern_rocky_mountains.txt,[15],[15],True
79,machine_learning_approaches_for_estimating_forest_stand_height_using_plot_based_observations_and_airborne_lidar_data.txt,ref/Validation/SDG15/machine_learning_approaches_for_estimating_forest_stand_height_using_plot_based_observations_and_airborne_lidar_data.txt,[15],[15],True
80,mapping_tropical_forest_structure_in_southeastern_madagascar_using_remote_sensing_and_artificial_neural_networks.txt,ref/Validation/SDG15/mapping_tropical_forest_structure_in_southeastern_madagascar_using_remote_sensing_and_artificial_neural_networks.txt,[15],[15],True
81,marxan_with_zones_software_for_optimal_conservation_based_land_and_sea_use_zoning.txt,ref/Validation/SDG15/marxan_with_zones_software_for_optimal_conservation_based_land_and_sea_use_zoning.txt,[15],[15],True
82,pattern_recognition_ecological_niche_models_fit_to_presence_only_and_presence_absence.txt,ref/Validation/SDG15/pattern_recognition_ecological_niche_models_fit_to_presence_only_and_presence_absence.txt,[15],[15],True
83,understanding_and_overcoming_the_barriers_for_cost_effective_conservation.txt,ref/Validation/SDG15/understanding_and_overcoming_the_barriers_for_cost_effective_conservation.txt,[15],[15],True
84,unmanned_aerial_vehicles_uavs_and_artificial_intel.txt,ref/Validation/SDG15/unmanned_aerial_vehicles_uavs_and_artificial_intel.txt,[15],[15],True
85,using_footprints_to_identify_and_sex_giant_pandas.txt,ref/Validation/SDG15/using_footprints_to_identify_and_sex_giant_pandas.txt,[15],[12],False
86,abnormal_behavior_recognition_for_intelligent_video_surveillance_systems_a_review.txt,ref/Validation/SDG16/abnormal_behavior_recognition_for_intelligent_video_surveillance_systems_a_review.txt,[16],[16],True
87,a_survey_on_visual_surveillance_of_object_motion_and_behaviors.txt,ref/Validation/SDG16/a_survey_on_visual_surveillance_of_object_motion_and_behaviors.txt,[16],[16],True
88,beyond_simulations_serious_games_for_training_interpersonal_skills_in_law_enforcement.txt,ref/Validation/SDG16/beyond_simulations_serious_games_for_training_interpersonal_skills_in_law_enforcement.txt,[16],[4],False
89,detecting_and_preventing_emerging_epidemics_of_cri.txt,ref/Validation/SDG16/detecting_and_preventing_emerging_epidemics_of_cri.txt,[16],[16],True
90,engineering_pro_sociality_with_autonomous_agents.txt,ref/Validation/SDG16/engineering_pro_sociality_with_autonomous_agents.txt,[16],[16],True
91,fearnot!_a_computer_based_anti_bullying_programme_designed_to_foster_peer_intervention.txt,ref/Validation/SDG16/fearnot!_a_computer_based_anti_bullying_programme_designed_to_foster_peer_intervention.txt,[16],[4],False
92,intelligent_financial_fraud_detection_a_comprehensive_review.txt,ref/Validation/SDG16/intelligent_financial_fraud_detection_a_comprehensive_review.txt,[16],[8],False
93,survey_on_computer_vision_for_uavs_current_developments_and_trends.txt,ref/Validation/SDG16/survey_on_computer_vision_for_uavs_current_developments_and_trends.txt,[16],[2],False
94,understanding_video_events_a_survey_of_methods_for_automatic_interpretation_of_semantic_occurrences_in_video.txt,ref/Validation/SDG16/understanding_video_events_a_survey_of_methods_for_automatic_interpretation_of_semantic_occurrences_in_video.txt,[16],[13],False
95,“spiders_in_the_sky”_user_perceptions_of_drones_privacy_and_security.txt,ref/Validation/SDG16/“spiders_in_the_sky”_user_perceptions_of_drones_privacy_and_security.txt,[16],[16],True
96,algorithms_are_making_the_future_people_need_to_have_a_say.txt,ref/Validation/SDG17/algorithms_are_making_the_future_people_need_to_have_a_say.txt,[17],[16],False
97,artificial_intelligence_and_human_development_toward_a_research_agenda.txt,ref/Validation/SDG17/artificial_intelligence_and_human_development_toward_a_research_agenda.txt,[17],[9],False
98,better_nicer_clearer_fairer_a_critical_assessment_of_the_movement_for_ethical_artificial_intelligence_and_machine_learning.txt,ref/Validation/SDG17/better_nicer_clearer_fairer_a_critical_assessment_of_the_movement_for_ethical_artificial_intelligence_and_machine_learning.txt,[17],[16],False
99,machine_learning_in_finance_present_and_future_applications.txt,ref/Validation/SDG17/machine_learning_in_finance_present_and_future_applications.txt,[17],[8],False
100,translation_of_remote_sensing_data_into_sustainable_development_indicators.txt,ref/Validation/SDG17/translation_of_remote_sensing_data_into_sustainable_development_indicators.txt,[17],[2],False
101,big_data_in_smart_farming_a_review.txt,ref/Validation/SDG2/big_data_in_smart_farming_a_review.txt,[2],[2],True
102,blockchain_beyond_bitcoin.txt,ref/Validation/SDG2/blockchain_beyond_bitcoin.txt,[2],[9],False
103,counting_apples_and_oranges_with_deep_learning_a_data_driven_approach.txt,ref/Validation/SDG2/counting_apples_and_oranges_with_deep_learning_a_data_driven_approach.txt,[2],[9],False
104,deep_learning_for_smart_agriculture_concepts_tools_applications_and_opportunities.txt,ref/Validation/SDG2/deep_learning_for_smart_agriculture_concepts_tools_applications_and_opportunities.txt,[2],[2],True
105,extremeweather_a_large_scale_climate_dataset_for_semi_supervised_detection_localization_and_understanding_of_extreme_weather_events.txt,ref/Validation/SDG2/extremeweather_a_large_scale_climate_dataset_for_semi_supervised_detection_localization_and_understanding_of_extreme_weather_events.txt,[2],[13],False
106,future_projection_with_an_extreme_learning_machine_and_support_vector_regression_of_reference_evapotranspiration_in_a_mountainous_inland_watershed_i.txt,ref/Validation/SDG2/future_projection_with_an_extreme_learning_machine_and_support_vector_regression_of_reference_evapotranspiration_in_a_mountainous_inland_watershed_i.txt,[2],[13],False
107,increased_specificity_famine_prediction_using_sate.txt,ref/Validation/SDG2/increased_specificity_famine_prediction_using_sate.txt,[2],[2],True
108,mapping_numerically_classified_soil_taxa_in_kilombero_valley_tanzania_using_machine_learning.txt,ref/Validation/SDG2/mapping_numerically_classified_soil_taxa_in_kilombero_valley_tanzania_using_machine_learning.txt,[2],[2],True
109,the_“left_behind”_smallholders_in_contemporary_russian_agriculture.txt,ref/Validation/SDG2/the_“left_behind”_smallholders_in_contemporary_russian_agriculture.txt,[2],[2],True
110,using_deeplearning_for_image_based_plant_disease_detection.txt,ref/Validation/SDG2/using_deeplearning_for_image_based_plant_disease_detection.txt,[2],[3],False
111,ai_opens_new_frontier_for_suicide_prevention.txt,ref/Validation/SDG3/ai_opens_new_frontier_for_suicide_prevention.txt,[3],[3],True
112,an_inference_mechanism_using_bayes_based_classifiers_in_pregnancy_care.txt,ref/Validation/SDG3/an_inference_mechanism_using_bayes_based_classifiers_in_pregnancy_care.txt,[3],[3],True
113,applications_of_deep_learning_in_biomedicin.txt,ref/Validation/SDG3/applications_of_deep_learning_in_biomedicin.txt,[3],[4],False
114,application_of_a_fuzzy_logic_control_system_for_continuous_anaerobic_digestion_of_low_buffered_acidic_energy_crops_as_mono_substrate.txt,ref/Validation/SDG3/application_of_a_fuzzy_logic_control_system_for_continuous_anaerobic_digestion_of_low_buffered_acidic_energy_crops_as_mono_substrate.txt,[3],[7],False
115,artificial_intelligence_based_prediction_models_for_environmental_engineering.txt,ref/Validation/SDG3/artificial_intelligence_based_prediction_models_for_environmental_engineering.txt,[3],[9],False
116,artificial_intelligence_in_medicine.txt,ref/Validation/SDG3/artificial_intelligence_in_medicine.txt,[3],[9],False
117,artificial_intelligence_in_precision_cardiovascular_medicine.txt,ref/Validation/SDG3/artificial_intelligence_in_precision_cardiovascular_medicine.txt,[3],[4],False
118,artificial_intelligence_in_public_health_and_epidemiology.txt,ref/Validation/SDG3/artificial_intelligence_in_public_health_and_epidemiology.txt,[3],[3],True
119,automated_and_real_time_segmentation_of_suspicious_breast_masses_using_convolutional_neural_network.txt,ref/Validation/SDG3/automated_and_real_time_segmentation_of_suspicious_breast_masses_using_convolutional_neural_network.txt,[3],[3],True
120,automated_microscopy_and_machine_learning_for_expert_level_malaria_field_diagnosis.txt,ref/Validation/SDG3/automated_microscopy_and_machine_learning_for_expert_level_malaria_field_diagnosis.txt,[3],[3],True
121,automatic_coronary_artery_calcium_scoring_in_cardiac_ct_angiography_using_paired_convolutional_neural_networks.txt,ref/Validation/SDG3/automatic_coronary_artery_calcium_scoring_in_cardiac_ct_angiography_using_paired_convolutional_neural_networks.txt,[3],[9],False
122,automatic_license_plate_recognition.txt,ref/Validation/SDG3/automatic_license_plate_recognition.txt,[3],[2],False
123,autonomous_vehicle_perception_the_technology_of_today_and_tomorrow.txt,ref/Validation/SDG3/autonomous_vehicle_perception_the_technology_of_today_and_tomorrow.txt,[3],[11],False
124,avec_2017_real_life_depression_and_affect_recognition_workshop_and_challenge.txt,ref/Validation/SDG3/avec_2017_real_life_depression_and_affect_recognition_workshop_and_challenge.txt,[3],[4],False
125,a_human_factors_perspective_on_automated_driving_rg.txt,ref/Validation/SDG3/a_human_factors_perspective_on_automated_driving_rg.txt,[3],[16],False
126,a_machine_learning_method_to_monitor_china's_aids_epidemics_with_data_from_baidu_trends.txt,ref/Validation/SDG3/a_machine_learning_method_to_monitor_china's_aids_epidemics_with_data_from_baidu_trends.txt,[3],[3],True
127,a_preeclampsia_diagnosis_approach_using_bayesian_networks.txt,ref/Validation/SDG3/a_preeclampsia_diagnosis_approach_using_bayesian_networks.txt,[3],[3],True
128,boosting_approach_for_maternal_hypertensive_disorder_detection.txt,ref/Validation/SDG3/boosting_approach_for_maternal_hypertensive_disorder_detection.txt,[3],[3],True
129,carty_urinaryproteomics_predictionpet_hypertens_2011.txt,ref/Validation/SDG3/carty_urinaryproteomics_predictionpet_hypertens_2011.txt,[3],[3],True
130,clinically_applicable_deep_learning_for_diagnosis_and_referral_in_retinal_disease.txt,ref/Validation/SDG3/clinically_applicable_deep_learning_for_diagnosis_and_referral_in_retinal_disease.txt,[3],[12],False
131,clinical_decision_support_systems_for_intensive_care_units_using_artificial_neural_networks.txt,ref/Validation/SDG3/clinical_decision_support_systems_for_intensive_care_units_using_artificial_neural_networks.txt,[3],[9],False
132,clinical_evaluation_of_a_first_trimester.txt,ref/Validation/SDG3/clinical_evaluation_of_a_first_trimester.txt,[3],[3],True
133,comparison_of_ai_techniques_for_prediction_of_liver_fibrosis_in_hepatitis_patients.txt,ref/Validation/SDG3/comparison_of_ai_techniques_for_prediction_of_liver_fibrosis_in_hepatitis_patients.txt,[3],[3],True
134,computational_models_can_predict_response_to_hiv_therapy_without_a_genotype_and_may_reduce_treatment_failure_in_different_resource_limited_settings.txt,ref/Validation/SDG3/computational_models_can_predict_response_to_hiv_therapy_without_a_genotype_and_may_reduce_treatment_failure_in_different_resource_limited_settings.txt,[3],[3],True
135,critical_reasons_for_crashes_investigated_in_the_national_motor_vehicle_crash_causation_survey.txt,ref/Validation/SDG3/critical_reasons_for_crashes_investigated_in_the_national_motor_vehicle_crash_causation_survey.txt,[3],[9],False
136,deep_learning_algorithm_for_auto_delineation_of_high_risk_oropharyngeal_clinical_target_volumes_with_built_in_dice_similarity_coefficient_parameter_.txt,ref/Validation/SDG3/deep_learning_algorithm_for_auto_delineation_of_high_risk_oropharyngeal_clinical_target_volumes_with_built_in_dice_similarity_coefficient_parameter_.txt,[3],[9],False
137,deep_learning_at_chest_radiography.txt,ref/Validation/SDG3/deep_learning_at_chest_radiography.txt,[3],[3],True
138,deep_learning_based_multi_omics_integration_robustly_predicts_survival_in_liver_cancer.txt,ref/Validation/SDG3/deep_learning_based_multi_omics_integration_robustly_predicts_survival_in_liver_cancer.txt,[3],[2],False
139,deep_learning_based_tissue_analysis_predicts_outcome_in_colorectal_cancer.txt,ref/Validation/SDG3/deep_learning_based_tissue_analysis_predicts_outcome_in_colorectal_cancer.txt,[3],[4],False
140,deep_learning_for_image_based_cancer_detection_and_diagnosis_−a_survey.txt,ref/Validation/SDG3/deep_learning_for_image_based_cancer_detection_and_diagnosis_−a_survey.txt,[3],[4],False
141,deep_learning_model_for_classifying_drug_abuse_risk_behavior_in_tweets.txt,ref/Validation/SDG3/deep_learning_model_for_classifying_drug_abuse_risk_behavior_in_tweets.txt,[3],[3],True
142,dermatologist_level_classification_of_skin_cancer_with_deep_neural_networks.txt,ref/Validation/SDG3/dermatologist_level_classification_of_skin_cancer_with_deep_neural_networks.txt,[3],[3],True
143,development_of_an_evidence_based_ethical_decision_making_tool_for_neonatal_intensive_care_medicine.txt,ref/Validation/SDG3/development_of_an_evidence_based_ethical_decision_making_tool_for_neonatal_intensive_care_medicine.txt,[3],[3],True
144,dna_methylation_based_classification_of_central_nervous_system_tumours.txt,ref/Validation/SDG3/dna_methylation_based_classification_of_central_nervous_system_tumours.txt,[3],[15],False
145,early_prediction_of_severe_maternal_morbidity_using_machine_learning_techniques.txt,ref/Validation/SDG3/early_prediction_of_severe_maternal_morbidity_using_machine_learning_techniques.txt,[3],[3],True
146,epidemiology_from_tweets_estimating_misuse_of_prescription_opioids_in_the_usa_from_social_media.txt,ref/Validation/SDG3/epidemiology_from_tweets_estimating_misuse_of_prescription_opioids_in_the_usa_from_social_media.txt,[3],[3],True
147,first_trimester_prediction_of_hypertensive_disorders_in_pregnancy.txt,ref/Validation/SDG3/first_trimester_prediction_of_hypertensive_disorders_in_pregnancy.txt,[3],[3],True
148,from_machine_learning_to_deep_learning_progress_in_machine_intelligence_for_rational_drug_discovery.txt,ref/Validation/SDG3/from_machine_learning_to_deep_learning_progress_in_machine_intelligence_for_rational_drug_discovery.txt,[3],[4],False
149,functional_maturation_in_preterm_infants_measured_by_serial_recording_of_cortical_activity.txt,ref/Validation/SDG3/functional_maturation_in_preterm_infants_measured_by_serial_recording_of_cortical_activity.txt,[3],[3],True
150,gaussian_process_classification_for_prediction_of_in_hospital_mortality_among_preterm_infants.txt,ref/Validation/SDG3/gaussian_process_classification_for_prediction_of_in_hospital_mortality_among_preterm_infants.txt,[3],[3],True
151,graph_convolutional_policy_network_for_goal_directed_molecular_graph_generation.txt,ref/Validation/SDG3/graph_convolutional_policy_network_for_goal_directed_molecular_graph_generation.txt,[3],[12],False
152,hidden_markov_models_based_on_symbolic_dynamics_for_statistical_modeling_of_cardiovascular_control_in_hypertensive_pregnancy_disorders.txt,ref/Validation/SDG3/hidden_markov_models_based_on_symbolic_dynamics_for_statistical_modeling_of_cardiovascular_control_in_hypertensive_pregnancy_disorders.txt,[3],[3],True
153,influence_maximization_for_social_network_based_substance_abuse_prevention.txt,ref/Validation/SDG3/influence_maximization_for_social_network_based_substance_abuse_prevention.txt,[3],[13],False
154,junction_tree_variational_autoencoder_for_molecular_graph_generation.txt,ref/Validation/SDG3/junction_tree_variational_autoencoder_for_molecular_graph_generation.txt,[3],[4],False
155,machine_learning_applications_in_cancer_prognosis_and_prediction.txt,ref/Validation/SDG3/machine_learning_applications_in_cancer_prognosis_and_prediction.txt,[3],[4],False
156,machine_learning_techniques_for_neonatal_apnea_prediction.txt,ref/Validation/SDG3/machine_learning_techniques_for_neonatal_apnea_prediction.txt,[3],[3],True
157,neonatal_intensive_care_decision_support_systems_using_artificial_intelligence_techniques_a_systematic_review.txt,ref/Validation/SDG3/neonatal_intensive_care_decision_support_systems_using_artificial_intelligence_techniques_a_systematic_review.txt,[3],[3],True
158,neural_networks_to_estimate_the_risk_for_preeclampsia_occurrence.txt,ref/Validation/SDG3/neural_networks_to_estimate_the_risk_for_preeclampsia_occurrence.txt,[3],[3],True
159,novel_biomarkers_for_pre_eclampsia_detected_using_metabolomics_and_machine_learning.txt,ref/Validation/SDG3/novel_biomarkers_for_pre_eclampsia_detected_using_metabolomics_and_machine_learning.txt,[3],[3],True
160,palivizumab_prophylaxis_during_nosocomial_outbreaks_of_respiratory_syncytial_virus_in_a_neonatal_intensive_care_unit.txt,ref/Validation/SDG3/palivizumab_prophylaxis_during_nosocomial_outbreaks_of_respiratory_syncytial_virus_in_a_neonatal_intensive_care_unit.txt,[3],[3],True
161,performance_evaluation_of_predictive_classifiers_for_pregnancy_care.txt,ref/Validation/SDG3/performance_evaluation_of_predictive_classifiers_for_pregnancy_care.txt,[3],[3],True
162,plasmodium_dihydrofolate_reductase_is_a_second_enzyme_target_for_the_antimalarial_action_of_triclosan.txt,ref/Validation/SDG3/plasmodium_dihydrofolate_reductase_is_a_second_enzyme_target_for_the_antimalarial_action_of_triclosan.txt,[3],[3],True
163,predicting_risk_of_suicide_attempts_over_time_through_machine_learning.txt,ref/Validation/SDG3/predicting_risk_of_suicide_attempts_over_time_through_machine_learning.txt,[3],[3],True
164,prediction_of_gestational_diabetes_mellitus_by_maternal_factors_and_biomarkers_at_11_to_13_weeks.txt,ref/Validation/SDG3/prediction_of_gestational_diabetes_mellitus_by_maternal_factors_and_biomarkers_at_11_to_13_weeks.txt,[3],[3],True
165,prediction_of_major_complications_affecting_very_low_birth_weight_infants.txt,ref/Validation/SDG3/prediction_of_major_complications_affecting_very_low_birth_weight_infants.txt,[3],[3],True
166,prediction_of_response_to_antiretroviral_therapy_by_human_experts_and_by_the_euresist_data_driven_expert_system_(the_eve_study).txt,ref/Validation/SDG3/prediction_of_response_to_antiretroviral_therapy_by_human_experts_and_by_the_euresist_data_driven_expert_system_(the_eve_study).txt,[3],[3],True
167,predictive_models_to_assess_risk_of_type_2_diabetes_hypertension_and_comorbidity_machine_learning_algorithms_.txt,ref/Validation/SDG3/predictive_models_to_assess_risk_of_type_2_diabetes_hypertension_and_comorbidity_machine_learning_algorithms_.txt,[3],[3],True
168,predictive_model_for_the_classification_of_hypertension_risk_using_decision_trees_algorithm.txt,ref/Validation/SDG3/predictive_model_for_the_classification_of_hypertension_risk_using_decision_trees_algorithm.txt,[3],[3],True
169,recurrent_fully_convolutional_neural_networks_for_multi_slice_mri_cardiac_segmentation.txt,ref/Validation/SDG3/recurrent_fully_convolutional_neural_networks_for_multi_slice_mri_cardiac_segmentation.txt,[3],[9],False
170,reporting_mental_health_symptoms_breaking_down_barriers_to_care_with_virtual_human_interviewers.txt,ref/Validation/SDG3/reporting_mental_health_symptoms_breaking_down_barriers_to_care_with_virtual_human_interviewers.txt,[3],[16],False
171,researchers_are_deploying_artificial_intelligence_to_discover_drugs.txt,ref/Validation/SDG3/researchers_are_deploying_artificial_intelligence_to_discover_drugs.txt,[3],[3],True
172,suggested_criteria_for_successful_deployment_of_a_clinical_decision_support_system.txt,ref/Validation/SDG3/suggested_criteria_for_successful_deployment_of_a_clinical_decision_support_system.txt,[3],[3],True
173,the_next_era_deep_learning_in_pharmaceutical_research.txt,ref/Validation/SDG3/the_next_era_deep_learning_in_pharmaceutical_research.txt,[3],[4],False
174,the_role_of_artificial_intelligence_in_precision_medicine.txt,ref/Validation/SDG3/the_role_of_artificial_intelligence_in_precision_medicine.txt,[3],[3],True
175,tuberculosis_control_and_the_where_and_why_of_artificial_intelligence.txt,ref/Validation/SDG3/tuberculosis_control_and_the_where_and_why_of_artificial_intelligence.txt,[3],[3],True
176,user_adaptive_chatbot_for_mitigating_depression.txt,ref/Validation/SDG3/user_adaptive_chatbot_for_mitigating_depression.txt,[3],[4],False
177,analyzing_the_log_patterns_of_adult_learners_in_lms_using_learning_analytics.txt,ref/Validation/SDG4/analyzing_the_log_patterns_of_adult_learners_in_lms_using_learning_analytics.txt,[4],[4],True
178,digital_gender_divide_or_technologically_empowered_women_in_developing_countries.txt,ref/Validation/SDG4/digital_gender_divide_or_technologically_empowered_women_in_developing_countries.txt,[4],[5],False
179,exploratory_study_examining_the_at_home_feasibilit.txt,ref/Validation/SDG4/exploratory_study_examining_the_at_home_feasibilit.txt,[4],[4],True
180,exploring_the_impact_of_artificial_intelligence_on.txt,ref/Validation/SDG4/exploring_the_impact_of_artificial_intelligence_on.txt,[4],[4],True
181,improving_social_skills_in_children_with_asd_using_a_long_term_in_home_social_robot.txt,ref/Validation/SDG4/improving_social_skills_in_children_with_asd_using_a_long_term_in_home_social_robot.txt,[4],[4],True
182,intelligent_tutoring_systems_and_learning_outcomes_a_meta_analysis.txt,ref/Validation/SDG4/intelligent_tutoring_systems_and_learning_outcomes_a_meta_analysis.txt,[4],[4],True
183,international_information_management_corporation.txt,ref/Validation/SDG4/international_information_management_corporation.txt,[4],[4],True
184,is_there_a_gender_difference_in_interacting_with_intelligent_tutoring_system_can_bayesian_knowledge_tracing_and_learning_curve_analysis_models_answe.txt,ref/Validation/SDG4/is_there_a_gender_difference_in_interacting_with_intelligent_tutoring_system_can_bayesian_knowledge_tracing_and_learning_curve_analysis_models_answe.txt,[4],[4],True
185,kim_baylor2016_article_research_baseddesignofpedagogi.txt,ref/Validation/SDG4/kim_baylor2016_article_research_baseddesignofpedagogi.txt,[4],[4],True
186,learning_analytics_response_from_southeast_asia.txt,ref/Validation/SDG4/learning_analytics_response_from_southeast_asia.txt,[4],[4],True
187,progressing_toward_digital_equity.txt,ref/Validation/SDG4/progressing_toward_digital_equity.txt,[4],[4],True
188,teaching_training_in_a_mixed_reality_integrated_learning_environment.txt,ref/Validation/SDG4/teaching_training_in_a_mixed_reality_integrated_learning_environment.txt,[4],[4],True
189,active_search_of_connections_for_case_building_and_combating_human_trafficking.txt,ref/Validation/SDG5/active_search_of_connections_for_case_building_and_combating_human_trafficking.txt,[5],[16],False
190,ai4d_artificial_intelligence_for_development.txt,ref/Validation/SDG5/ai4d_artificial_intelligence_for_development.txt,[5],[4],False
191,a_comparative_study_of_fairness_enhancing_interventions_in_machine_learning.txt,ref/Validation/SDG5/a_comparative_study_of_fairness_enhancing_interventions_in_machine_learning.txt,[5],[4],False
192,a_non_parametric_learning_approach_to_id.txt,ref/Validation/SDG5/a_non_parametric_learning_approach_to_id.txt,[5],[16],False
193,forecasting_domestic_violence_a_machine_learning_approach_to_help_inform_arraignment_decisions.txt,ref/Validation/SDG5/forecasting_domestic_violence_a_machine_learning_approach_to_help_inform_arraignment_decisions.txt,[5],[16],False
194,gender_technology_and_the_future_of_work.txt,ref/Validation/SDG5/gender_technology_and_the_future_of_work.txt,[5],[5],True
195,investigating_the_impact_of_gender_on_rank_in_resume_search_engines.txt,ref/Validation/SDG5/investigating_the_impact_of_gender_on_rank_in_resume_search_engines.txt,[5],[5],True
196,in_bed_with_siri_and_google_assistant_a_comparison_of_sexual_health_advice.txt,ref/Validation/SDG5/in_bed_with_siri_and_google_assistant_a_comparison_of_sexual_health_advice.txt,[5],[3],False
197,man_is_to_computer_programmer_as_woman_is_to_homemaker_debiasingword_embeddings.txt,ref/Validation/SDG5/man_is_to_computer_programmer_as_woman_is_to_homemaker_debiasingword_embeddings.txt,[5],[5],True
198,technology_facilitated_sexual_violence_a_literature_review_of_empirical_research.txt,ref/Validation/SDG5/technology_facilitated_sexual_violence_a_literature_review_of_empirical_research.txt,[5],[16],False
199,toward_a_political_economic_framework_for_analyzing_digital_development_games_a_case_study_of_three_games_for_africa.txt,ref/Validation/SDG5/toward_a_political_economic_framework_for_analyzing_digital_development_games_a_case_study_of_three_games_for_africa.txt,[5],[5],True
200,a_review_on_experimental_design_for_pollutants_removal_in_water_treatment_with_the_aid_of_artificial_intelligence.txt,ref/Validation/SDG6/a_review_on_experimental_design_for_pollutants_removal_in_water_treatment_with_the_aid_of_artificial_intelligence.txt,[6],[6],True
201,determining_quality_of_water_in_reservoir_using_machine_learning.txt,ref/Validation/SDG6/determining_quality_of_water_in_reservoir_using_machine_learning.txt,[6],[6],True
202,diversity_and_distributions_2019_domisch_spatially_explicit_species_distribution_models_a_missed_opportunity_in.txt,ref/Validation/SDG6/diversity_and_distributions_2019_domisch_spatially_explicit_species_distribution_models_a_missed_opportunity_in.txt,[6],[15],False
203,exploring_the_high_resolution_mapping_of_gender_disaggregated_development_indicators.txt,ref/Validation/SDG6/exploring_the_high_resolution_mapping_of_gender_disaggregated_development_indicators.txt,[6],[5],False
204,global_threats_to_human_water_security_and_river_biodiversity.txt,ref/Validation/SDG6/global_threats_to_human_water_security_and_river_biodiversity.txt,[6],[6],True
205,optimal_design_of_compact_and_functionally_contiguous_conservation_management_areas.txt,ref/Validation/SDG6/optimal_design_of_compact_and_functionally_contiguous_conservation_management_areas.txt,[6],[15],False
206,public_participation_modelling_using_bayesian_networks_in_management_of_groundwater_contamination.txt,ref/Validation/SDG6/public_participation_modelling_using_bayesian_networks_in_management_of_groundwater_contamination.txt,[6],[6],True
207,social_equity_shapes_zone_selection_balancing_aquatic_biodiversity_conservation_and_ecosystem_services_delivery_in_the_transboundary_danube_river_ba.txt,ref/Validation/SDG6/social_equity_shapes_zone_selection_balancing_aquatic_biodiversity_conservation_and_ecosystem_services_delivery_in_the_transboundary_danube_river_ba.txt,[6],[15],False
208,state_of_the_art_review_of_ant_colony_optimization_applications_in_water_resource_management.txt,ref/Validation/SDG6/state_of_the_art_review_of_ant_colony_optimization_applications_in_water_resource_management.txt,[6],[6],True
209,the_what_the_why_and_the_how_of_artificial_explanations_in_automated_decision_making.txt,ref/Validation/SDG6/the_what_the_why_and_the_how_of_artificial_explanations_in_automated_decision_making.txt,[6],[16],False
210,using_narratives_and_storytelling_to_communicate_science_with_nonexpert_audiences.txt,ref/Validation/SDG6/using_narratives_and_storytelling_to_communicate_science_with_nonexpert_audiences.txt,[6],[9],False
211,a_society_of_devices_integrating_intelligent_distributed_resources_with_transactive_energy.txt,ref/Validation/SDG7/a_society_of_devices_integrating_intelligent_distributed_resources_with_transactive_energy.txt,[7],[7],True
212,how_to_stop_data_centres_from_gobbling_up_the_world’s_electricity.txt,ref/Validation/SDG7/how_to_stop_data_centres_from_gobbling_up_the_world’s_electricity.txt,[7],[7],True
213,putting_the_“smarts”_into_the_smart_grid_a_grand_challenge_for_artificial_intelligence.txt,ref/Validation/SDG7/putting_the_“smarts”_into_the_smart_grid_a_grand_challenge_for_artificial_intelligence.txt,[7],[7],True
214,wef_harnessing_the_4ir_for_the_earth.txt,ref/Validation/SDG7/wef_harnessing_the_4ir_for_the_earth.txt,[7],[14],False
215,artificial_intelligence_and_economic_growth.txt,ref/Validation/SDG8/artificial_intelligence_and_economic_growth.txt,[8],[8],True
216,artificial_intelligence_and_the_modern_productivity_paradox_a_clash_of_expectations_and_statistics.txt,ref/Validation/SDG8/artificial_intelligence_and_the_modern_productivity_paradox_a_clash_of_expectations_and_statistics.txt,[8],[8],True
217,artificial_intelligence_automation_and_work.txt,ref/Validation/SDG8/artificial_intelligence_automation_and_work.txt,"[8, 9]","[8, 2]",False
218,automating_inequality_how_high_tech_tools_profile_police_and_punish_the_poor.txt,ref/Validation/SDG8/automating_inequality_how_high_tech_tools_profile_police_and_punish_the_poor.txt,[8],[1],False
219,fair_transparent_and_accountable_algorithmic_decision_making_processes.txt,ref/Validation/SDG8/fair_transparent_and_accountable_algorithmic_decision_making_processes.txt,[8],[16],False
220,investigative_knowledge_discovery_for_combating_illicit_activities.txt,ref/Validation/SDG8/investigative_knowledge_discovery_for_combating_illicit_activities.txt,[8],[16],False
221,notes_from_the_ai_frontier_modeling_the_impact_of_ai_on_the_world_economy_september_2018.txt,ref/Validation/SDG8/notes_from_the_ai_frontier_modeling_the_impact_of_ai_on_the_world_economy_september_2018.txt,[8],[8],True
222,revisiting_u.txt,ref/Validation/SDG8/revisiting_u.txt,[8],[8],True
223,robots_and_jobs_evidence_from_us_labor_markets.txt,ref/Validation/SDG8/robots_and_jobs_evidence_from_us_labor_markets.txt,[8],[8],True
224,the_future_of_employment_how_susceptible_are_jobs_to_computerisation.txt,ref/Validation/SDG8/the_future_of_employment_how_susceptible_are_jobs_to_computerisation.txt,"[8, 9]","[8, 9]",True
225,the_impact_of_artificial_intelligence_on_innovation.txt,ref/Validation/SDG8/the_impact_of_artificial_intelligence_on_innovation.txt,[8],[4],False
226,the_risk_of_automation_for_jobs_in_oecd_countries_a_comparative_analysis.txt,ref/Validation/SDG8/the_risk_of_automation_for_jobs_in_oecd_countries_a_comparative_analysis.txt,[8],[8],True
227,daily_water_level_forecasting_using_wavelet_decomposition_and_artificial_intelligence_techniques.txt,ref/Validation/SDG9/daily_water_level_forecasting_using_wavelet_decomposition_and_artificial_intelligence_techniques.txt,[9],[6],False
228,electricity_demand_estimation_using_an_adaptive_neuro_fuzzy_network_a_case_study_from_the_ontario_province_e_canada.txt,ref/Validation/SDG9/electricity_demand_estimation_using_an_adaptive_neuro_fuzzy_network_a_case_study_from_the_ontario_province_e_canada.txt,[9],[7],False
229,intelligent_5g_when_cellular_networks_meet_artificial_intelligence.txt,ref/Validation/SDG9/intelligent_5g_when_cellular_networks_meet_artificial_intelligence.txt,[9],[9],True
